method,scenario,seed,run,ACC,AvgAcc,BWT,FWT,PS,P,S,AF,HARMONIC
ewc,class_il,42,ewc_class_il_clean_eval_s42,0.090167,0.249121,-0.83463,-0.018148,0.276278,0.838889,0.16537,0.83463,0.132409
ewc,class_il,43,ewc_class_il_clean_eval_s43,0.077,0.242643,-0.828333,-0.028519,0.283999,0.821667,0.171667,0.828333,0.116902
ewc,class_il,44,ewc_class_il_clean_eval_s44,0.084667,0.247546,-0.870926,-0.025926,0.224914,0.873519,0.129074,0.870926,0.126178
ewc,task_il,42,ewc_task_il_clean_eval_s42,0.6935,0.733672,-0.058704,-0.001296,0.780685,0.666895,0.941296,0.059444,0.713021
ewc,task_il,43,ewc_task_il_clean_eval_s43,0.739333,0.768313,-0.040926,0.018889,0.809204,0.699843,0.959074,0.042778,0.753545
ewc,task_il,44,ewc_task_il_clean_eval_s44,0.6935,0.711968,-0.074074,0.017963,0.790534,0.689686,0.925926,0.077037,0.702613
joint,class_il,42,joint_class_il_clean_eval_s42,0.671667,0.71576,-0.05463,-0.018148,0.807438,0.70463,0.94537,0.067222,0.693013
joint,class_il,43,joint_class_il_clean_eval_s43,0.626833,0.715124,-0.09537,-0.028333,0.793342,0.706436,0.90463,0.117963,0.668074
joint,class_il,44,joint_class_il_clean_eval_s44,0.664333,0.716492,-0.06037,-0.025741,0.804098,0.702735,0.93963,0.076111,0.689428
joint,task_il,42,joint_task_il_clean_eval_s42,0.865333,0.866321,0.004444,-0.009259,0.909966,0.831734,1.004444,0.024074,0.865827
joint,task_il,43,joint_task_il_clean_eval_s43,0.8815,0.855644,0.033519,0.005,0.913388,0.818276,1.033519,0.001667,0.86838
joint,task_il,44,joint_task_il_clean_eval_s44,0.889833,0.866287,0.015926,-0.011667,0.927543,0.853307,1.015926,0.015185,0.877902
lwf,class_il,42,lwf_class_il_clean_eval_s42,0.094833,0.254535,-0.813889,-0.018148,0.303621,0.823704,0.186111,0.813889,0.138183
lwf,class_il,43,lwf_class_il_clean_eval_s43,0.086167,0.244828,-0.79537,-0.028519,0.326735,0.810185,0.20463,0.79537,0.12747
lwf,class_il,44,lwf_class_il_clean_eval_s44,0.120667,0.249659,-0.791296,-0.025926,0.334133,0.837407,0.208704,0.791296,0.162697
lwf,task_il,42,lwf_task_il_clean_eval_s42,0.758167,0.791611,-0.096481,-0.009815,0.854281,0.810133,0.903519,0.096852,0.774528
lwf,task_il,43,lwf_task_il_clean_eval_s43,0.77,0.798664,-0.077037,0.014259,0.853707,0.794119,0.922963,0.077407,0.78407
lwf,task_il,44,lwf_task_il_clean_eval_s44,0.806,0.807773,-0.06537,-0.05037,0.884728,0.839885,0.93463,0.06537,0.806885
mcl,class_il,42,mcl3_class_il_clean_eval_s42,0.283167,0.460121,-0.39537,-0.017407,0.607853,0.611111,0.60463,0.39537,0.35058
mcl,class_il,43,mcl3_class_il_clean_eval_s43,0.243,0.429634,-0.471481,-0.023333,0.583593,0.651481,0.528519,0.471481,0.310425
mcl,class_il,44,mcl3_class_il_clean_eval_s44,0.290333,0.470426,-0.368889,-0.026111,0.612818,0.595556,0.631111,0.368889,0.359063
mcl,task_il,42,mcl3_task_il_clean_eval_s42,0.810333,0.844379,-0.061296,0.001296,0.878246,0.825104,0.938704,0.063148,0.827006
mcl,task_il,43,mcl3_task_il_clean_eval_s43,0.717333,0.7766,-0.127407,0.011296,0.828377,0.788426,0.872593,0.128704,0.745791
mcl,task_il,44,mcl3_task_il_clean_eval_s44,0.821,0.809984,-0.040741,-0.031667,0.888751,0.827898,0.959259,0.042222,0.815455
nispa,class_il,42,nispa_class_il_clean_eval_s42,0.0845,0.237236,-0.78537,-0.020926,0.337231,0.786491,0.21463,0.78537,0.124614
nispa,class_il,43,nispa_class_il_clean_eval_s43,0.076333,0.234559,-0.77963,-0.020741,0.343443,0.777868,0.22037,0.77963,0.115182
nispa,class_il,44,nispa_class_il_clean_eval_s44,0.0865,0.238185,-0.801667,-0.016296,0.318427,0.8072,0.198333,0.801667,0.126911
nispa,task_il,42,nispa_task_il_clean_eval_s42,0.798833,0.808294,0.0,-0.013519,0.853141,0.743893,1.0,0.0,0.803536
nispa,task_il,43,nispa_task_il_clean_eval_s43,0.785333,0.800756,0.0,-0.019074,0.847135,0.734808,1.0,0.0,0.79297
nispa,task_il,44,nispa_task_il_clean_eval_s44,0.816333,0.806561,0.0,-0.048519,0.874474,0.776946,1.0,0.0,0.811418
pec,class_il,42,pec_class_il_clean_eval_s42,0.341333,0.466284,-0.122593,0.0,0.565697,0.417407,0.877407,0.122593,0.394143
pec,class_il,43,pec_class_il_clean_eval_s43,0.316333,0.425295,-0.133148,0.0,0.559931,0.413519,0.866852,0.133148,0.36281
pec,class_il,44,pec_class_il_clean_eval_s44,0.327667,0.420317,-0.12537,0.0,0.567151,0.41963,0.87463,0.12537,0.368254
sgd,class_il,42,sgd_class_il_clean_eval_s42,0.095167,0.254362,-0.856296,-0.018148,0.246395,0.863333,0.143704,0.856296,0.138511
sgd,class_il,43,sgd_class_il_clean_eval_s43,0.0825,0.242207,-0.845926,-0.028519,0.260959,0.852037,0.154074,0.845926,0.123078
sgd,class_il,44,sgd_class_il_clean_eval_s44,0.083833,0.250206,-0.873148,-0.025926,0.221455,0.871111,0.126852,0.873148,0.125588
sgd,task_il,42,sgd_task_il_clean_eval_s42,0.481667,0.605497,-0.377037,0.039074,0.686518,0.764515,0.622963,0.377037,0.536529
sgd,task_il,43,sgd_task_il_clean_eval_s43,0.502167,0.57937,-0.329815,-0.003148,0.71271,0.760998,0.670185,0.329815,0.538013
sgd,task_il,44,sgd_task_il_clean_eval_s44,0.5405,0.592531,-0.326296,-0.005556,0.730396,0.797506,0.673704,0.326296,0.565321
si,class_il,42,si_class_il_clean_eval_s42,0.091167,0.250933,-0.857222,-0.016852,0.245008,0.862729,0.142778,0.857222,0.133743
si,class_il,43,si_class_il_clean_eval_s43,0.081833,0.2385,-0.831852,-0.028519,0.28004,0.837037,0.168148,0.831852,0.121856
si,class_il,44,si_class_il_clean_eval_s44,0.083667,0.248601,-0.863889,-0.025926,0.235115,0.862407,0.136111,0.863889,0.125198
si,task_il,42,si_task_il_clean_eval_s42,0.6865,0.694871,-0.110926,0.007222,0.799332,0.726046,0.889074,0.110926,0.69066
si,task_il,43,si_task_il_clean_eval_s43,0.666833,0.693586,-0.100185,-0.000741,0.783639,0.694031,0.899815,0.100185,0.679946
si,task_il,44,si_task_il_clean_eval_s44,0.666833,0.682435,-0.130741,0.002222,0.790038,0.72405,0.869259,0.131852,0.674544
snv,class_il,42,snv_adaptive_class_il_clean_eval_s42,0.338,0.498327,-0.172778,0.141111,0.507576,0.366108,0.827222,0.172778,0.402796
snv,class_il,43,snv_adaptive_class_il_clean_eval_s43,0.373667,0.545923,-0.196481,0.173519,0.55375,0.422438,0.803519,0.196481,0.443661
snv,class_il,44,snv_adaptive_class_il_clean_eval_s44,0.373667,0.533884,-0.189259,0.152037,0.553743,0.42046,0.810741,0.189259,0.439633
snv,task_il,42,snv_adaptive_task_il_clean_eval_s42,0.8005,0.831529,0.0,0.003148,0.848101,0.736264,1.0,0.0,0.815719
snv,task_il,43,snv_adaptive_task_il_clean_eval_s43,0.820667,0.844227,0.0,0.00463,0.867715,0.76634,1.0,0.0,0.83228
snv,task_il,44,snv_adaptive_task_il_clean_eval_s44,0.831333,0.837635,0.0,0.006852,0.879245,0.784512,1.0,0.0,0.834472
spacenet,class_il,42,spacenet_class_il_clean_eval_s42,0.072667,0.205813,-0.65,-0.020185,0.453494,0.643889,0.35,0.65,0.10741
spacenet,class_il,43,spacenet_class_il_clean_eval_s43,0.064833,0.193334,-0.642963,-0.019259,0.460672,0.649074,0.357037,0.642963,0.097104
spacenet,class_il,44,spacenet_class_il_clean_eval_s44,0.065667,0.187304,-0.670926,-0.016481,0.443516,0.68,0.329074,0.670926,0.097242
spacenet,task_il,42,spacenet_task_il_clean_eval_s42,0.644,0.677908,-0.019444,-0.008704,0.713616,0.560916,0.980556,0.024074,0.660519
spacenet,task_il,43,spacenet_task_il_clean_eval_s43,0.620833,0.631535,-0.015556,-0.002407,0.707791,0.552519,0.984444,0.017963,0.626139
spacenet,task_il,44,spacenet_task_il_clean_eval_s44,0.643333,0.607165,-0.013704,0.005,0.729132,0.578338,0.986296,0.016111,0.624726
uniclun,class_il,42,uniclun_class_il_clean_eval_s42,0.326,0.52401,-0.593889,-0.012222,0.551278,0.857963,0.406111,0.593889,0.401942
uniclun,class_il,43,uniclun_class_il_clean_eval_s43,0.368667,0.523531,-0.511111,-0.019815,0.613851,0.82463,0.488889,0.511111,0.432658
uniclun,class_il,44,uniclun_class_il_clean_eval_s44,0.287833,0.502181,-0.660185,-0.02537,0.490385,0.880556,0.339815,0.660185,0.365929
uniclun,task_il,42,uniclun_task_il_clean_eval_s42,0.689333,0.761936,-0.221481,0.003704,0.816184,0.85768,0.778519,0.221481,0.723819
uniclun,task_il,43,uniclun_task_il_clean_eval_s43,0.6705,0.743961,-0.227037,-0.004259,0.809624,0.849935,0.772963,0.227037,0.705323
uniclun,task_il,44,uniclun_task_il_clean_eval_s44,0.723833,0.771212,-0.192407,-0.003519,0.837564,0.869846,0.807593,0.194074,0.746772
wsn,task_il,42,wsn_task_il_clean_eval_s42,0.844,0.846994,0.0,-0.002963,0.889173,0.80046,1.0,0.0,0.845494
wsn,task_il,43,wsn_task_il_clean_eval_s43,0.830333,0.826696,0.0,0.013519,0.881232,0.787681,1.0,0.0,0.828511
wsn,task_il,44,wsn_task_il_clean_eval_s44,0.866667,0.847056,0.0,-0.019444,0.912322,0.838779,1.0,0.0,0.856749
